productNumber,productPic1,productPic2,productPic3,productPic4,productPic5,productPic6,totalPic,brandPic,productName,brandName,discountPriceHide,discountPrice,originalPrice,readyToBuy,freeShipping,mark,discount,discountHide,favorite,productSummery,material,madeBy,madeIn,specialty,InStock,beAdmired,sold,beCollected
001,001a,001b,001c,001d,,,4,b001,日系清香香薰擴香竹條 Diffuser **三種新香味**,Esp.AGAPE - Perfume & Fragrance,0,,635,593,,,,,,放在客廳，睡房都好香，可放超過6個月🎈 每種都超級好聞超級香！包裝清雅超適合送人😍,精油,機器製造,香港,,10,4287,34,305
002,002a,002b,,,,,2,b002,Sweet Home 木製家用門牌 掛牌,Woody Madam,0,,1245,694,,客製服務 ,,,,為大門或房門增添溫暖，適合作新婚/入伙禮物 ,木頭 ,機器製造 ,香港 ,客製服務 ,9,1711,7,43
003,003a,003b,,,,,2,b003,【日本櫻花】200ml日本櫻花味藤枝香薰,The Candle Company ,1244,1244,1309,20,,客製服務 ,95,95,,櫻花是日本人最喜歡既花。芬芳的小櫻花一年只會盛開幾星期，令人聯想生命短暫但美麗。 ,環保材質 ,機器製造 ,香港 ,客製服務 ,10,1712,8,44
004,004a,004b,004c,004d,004e,,5,b004,朵納香氛融蠟薰香燈系列,MH家居,991,991,1415,921,免運,,7,70,, ➤ 韓國設計 安全無火香氛融蠟薰香燈 ➤ 台灣專屬電壓 免轉接頭 ➤ 亮度調節器 能調整光線明暗 ,其他金屬,機器製造,中國大陸,,10,330579,1520,20698
005,005a,005b,005c,,,,3,b005,【香氛禮盒】Carroll & Chan手工香氛蜂蠟蠟燭套裝,The Candle Company ,968,968,1019,22,,獨家販售,95,95,,商品為隨機3款香味。 套裝內包括3款迷你杯裝蜂蠟蠟燭。 ,環保材質 ,手工製造,香港,獨家販售,9,1099,1,35
006,006a,006b,006c,,,,3,b006,Usagyuuun 雨衣小突兔玩偶,Q Friends,0,,1080,23,,獨家販售,,,,Usagyuuun 偵探小突兔玩偶 含放大鏡 ,聚酯纖維 ,機器製造 ,泰國 ,獨家販售,10,6136,47,126
007,007a,007b,007c,007d,007e,007f,6,b007,KATOMOKU muku clock 13 山毛櫸(km-104NA) 掛鐘 日本製造,katomoku,0,,2775,290,免運,,,,,這是一種將歐洲山毛櫸用作木製框架的壁鐘。 簡單的設計非常適合任何房間。 這是在日本的木工工廠手工製作的。 ,木頭 ,機器製造 ,日本 ,,5,1776,12,85
008,008a,008b,008c,008d,,,4,b008,多孔設計收線器/電線收納/交換禮物/畢業禮物,立格扉 Ligfe,86,86,108,291,,,8,80,,輕鬆整理桌面的各式線材，耳機、傳輸線、電線等線材收納 細緻孔洞防掉設計，3M背膠黏性穩定不易殘膠!,矽膠,機器製造 ,台灣 ,,,,,
009,009a,009b,009c,,,,3,b009,【防疫免運團購組合】檸檬清潔噴霧5入,小草 作 Grassphere,0,,1492,,免運,,,,,【防疫必備｜檸檬清潔噴霧5入免運組合】以台灣香水檸檬果皮萃取出100%天然精油，搭配75%酒精，製作出具有水果清香的清潔噴霧，零甘油配方讓日常防護更清爽不黏膩，無化學香料讓皮膚不會過敏。讓你的日常防護，不只清潔，更加清爽。 ,玻璃 ,機器製造 ,台灣 ,,10,7727,117,380
0010,0010a,0010b,0010c,0010d,,,4,b010,現貨供應 | 正負零 XQS-Z710 12吋輕巧電風扇-黃色,±0 正負零,0,,1990,,,得獎設計 ,,,,｜恰到好處的舒適 ｜操作簡單易懂 ｜體積小風量卻毫不遜色 ｜遙控器內建磁鐵設計 ｜四段風速與便利的定時功能,樹脂,機器製造 ,中國大陸 ,得獎設計 ,10,31053,118,381
0011,0011a,0011b,0011c,,,,3,b011,防疫幫手 |日本BRUNO手持掛燙機熨斗(尼羅河藍),BRUNO,0,,1980,,免運,,,,,迅速撫平皺褶 輕盈省力，品味BRUNO Style的生活 25秒快速預熱 體面出門不匆忙 輕量x直覺 符合人體工學 130ml大水箱 3件襯衫整燙一氣呵成 7蒸氣孔x2種模式 輕鬆撫平皺褶 99%殺菌率 殺菌除味2in1，2種配件,樹脂,機器製造 ,中國大陸 ,,2,31054,119,382
0012,0012a,0012b,0012c,,,,3,b012,可愛貓腳 口罩收納盒 家用大容量多功能雜物收納盒,空之喵喵 | Operated by Pinkoi,0,,609,,,,,,,可愛貓腳 口罩收納盒 家用大容量多功能雜物收納盒,其他金屬,機器製造 ,中國大陸 ,,3,31055,120,383
0013,0013a,0013b,0013c,,,,3,b013,+O家窩 面寬13CM舒納層疊透窗可調式分隔抽屜箱-7格-3入,+O 家窩,0,,1290,,,,,,,衣櫃、系統櫃畸零空間救星，可與同系列不同面寬搭配層疊，7格分類格，隔板可自由調整寬度，適合放男士領帶或成人/兒童內褲，抽屜附防落卡扣，使用更加安全,塑膠,機器製造 ,中國大陸 ,,4,31056,121,384
0014,0014a,0014b,0014c,,,,3,b014,向日葵學士帽牛皮花束 乾燥花 不凋花 畢業禮物 畢業花束 送禮,WANYI 玩藝花坊,160,160,400,297,,,4,40,,韓國流行的高仿真向日葵 質感非常好! 永恆的向日葵搭配學士帽還有經典的牛皮紙 附上畢業快樂小卡 直接為您送上祝福,植物．花,手工製造,台灣 ,,5,31057,122,385
0015,0015a,0015b,0015c,,,,3,b015,香氛蠟燭 150g | 16種香調選擇 | 香薰 新年禮物 交換,fragrance house,0,,525,298,,,,,,150克。燃點時間: ~14 小時。燃點時讓整個表面溶成液體。每次燃點不超過3小時燃點時玻璃杯會產生高溫。避免接觸眼睛及皮膚。確保燃點中的蠟燭在視線範圍內及遠離孩童。,玻璃 ,手工製造,香港 ,,6,31058,123,386
0016,0016a,0016b,0016c,,,,3,b016,精油睡眠噴霧套裝10ml*3,Sleepy me,0,,990,299,,,,,,LOST / RELEASE / EMBRACE 三種睡眠噴霧組合,精油,手工製造,台灣 ,,7,31059,124,387
0017,0017a,0017b,0017c,0017d,,,4,b017,Vana Candles 幾何款香氛蠟燭暖燈 新品共4色 送蠟燭!!,Vana Candles,0,,1990,,,,,,,幾何款香氛蠟燭暖燈，品牌首次推出春夏粉嫩色系，主打年輕小資市場，簡單俐落的金屬暖燈外型，由線條、幾何等元素勾勒，適合現代小坪數居家空間的暖燈提案。金屬材質輕量且耐用，適合香氛蠟燭暖燈新手入門！,其他金屬,手工製造,中國大陸 ,,8,,125,388
0018,0018a,0018b,0018c,,,,3,b018,【pinkoi嚴選】龜背芋 水泥盆栽 盆栽 淨化空氣 畢業禮物 開幕送,VIC WANG,298,298,350,,,,85,85,,觀葉植物界的網紅- 龜背芋 Monstera deliciosa，由設計師親自挑選的植栽。小巧的尺寸、好照顧的特性是放在家中桌面裝飾、辦公空間增添綠意、質感的好選擇，療癒您的身心靈。,植物．花,手工製造,台灣 ,,,,126,389
0019,0019a,0019b,0019c,0019d,,,4,b019,WOKY 沃廚 -手提激凍輕芯鈦瓷易潔層保溫杯750ML(5色可選),woky沃廚,1036,1036,1480,,,,7,70,,鈦陶瓷塗層更抗刮耐磨！內噴陶瓷表層0毛孔處理，抗酸鹼、異味不殘留，真實呈現飲品原味,不鏽鋼,機器製造 ,中國大陸 ,,,,127,390
0020,0020a,0020b,0020c,,,,3,b020,\ 自家設計 富士山絨毛毯 / | 姨姨插畫 Eillustrationhk,姨姨插畫 Eillustration,0,,809,82,,,,,,毛絨質地，不會容易掉色 毛毯質感超好，冬天窩在被中最舒服♥,其他材質,機器製造 ,香港 ,,,,128,391
0021,0021a,0021b,0021c,0021d,,,4,b021,小盆獸 盆栽座 多肉 夏日生活 男朋友 女朋友 開學季 生日禮物,童心木 TOSMU,0,,218,,免運,,,,,TOSMU童心木 - 好時光系列，小盆獸 •_•,木頭 ,手工製造,中國大陸 ,,,,129,392
0022,0022a,0022b,0022c,,,,3,b022,Zakka Casa居家生活/實木洞洞板/木質洞洞板/北歐洞洞板/置物架,ZakkaCASA,0,,1099,,免運,,,,,買太多包包、提袋卻沒有地方可以收納嗎？ 簡約的外型、高質感的實木材質，與多樣化的組合方式， 適合搭配各種不同的居家風格， 從模型、植栽、到捨不得丟的紀念小物，都能在上面找到自己的家 快來把角落裡的雜物堆變成只屬於你的生活風景！,木頭 ,手工製造,台灣 ,,,,130,
0023,0023a,0023b,0023c,,,,3,b023,快速出貨*PD4/龜背芋/苔球防疫小物 畢業季 交換禮物開幕居家辦公,KEYURA GARDEN瓔珞莊園,0,,350,85,免運,,,,,"龜背芋包裹水苔製作而成 苔球直徑約10-11cm 高度約18-20cm 每組皆含一個黑色蓄水盆 室內淨化空氣的好幫手,吸取甲醛甲苯、二甲苯、二氧化碳、灰塵",植物．花,手工製造,台灣 ,,,,,
0024,0024a,0024b,0024c,0024d,,,4,b024,送禮首選 │ amadana STSB-0109 超音波啤酒泡泡機,amadana,2290,2290,3271,86,免運,,7,70,,每秒40000次超音波製泡．爽滑順口超綿密啤酒沫．可適用多種啤酒包裝．零下14度保冷劑持續三小時．兩顆三號電池即可隨處享受．使用後清洗輕鬆簡單,其他金屬,機器製造 ,中國大陸 ,,,,,
0025,0025a,0025b,0025c,0025d,,,4,b025,"只種樹不砍樹─ReTissue植樹環保衛生紙(100抽/100包,250抽/72包)",ReTissue 在乎衛生紙,881,881,990,,,"客製服務, 得獎設計 ",89,89,,♻ 100%再生紙漿製成，具有環保標章認證 🌳 不砍樹只種樹，每箱為您與地球種下10棵樹 🛡 SGS五項檢驗全通過 🚽 質地柔軟舒適，能溶於水中丟入馬通 「ReTissue在乎衛生紙，在乎所有你的在乎。」,紙,機器製造 ,台灣 ,"客製服務, 得獎設計 ",,,,
0026,0026a,0026b,0026c,,,,3,b026,AJ2 │ 星球泡芙 │ 花瓣米白 │ 懶骨頭,AJ2 - easy modern & happy life,0,,3360,,,,,,,,棉．麻,,,,,,,
0027,0027a,0027b,0027c,0027d,,,4,b027,【預購】Vana Candles 香氛蠟燭暖燈 原色摩登實木(大) 送蠟燭!!,Vana Candles,0,,2690,,,,,,,獨家瑞典設計實木拼接文青作品，樸實高雅的木頭輪廓，流露出自我內斂的質感，可於短時間內帶出蠟燭的香氣，轉換空間和身心情境。 ,木頭 ,手工製造,中國大陸 ,,,,,
0028,0028a,0028b,0028c,,,,3,b028,【好物推薦】 鈦力棒 不用抹油鈦神奇 刮痧棒-美容-瘦小臉,TiANN 鈦安純鈦餐具,2640,2640,3300,,免運,,8,80,,整隻實心純鈦，四周手工打拋至圓潤 鈦金屬獨有親膚特性 不需抹油，即可輕鬆按摩， 刮痧不會搞得油膩膩 比一般括痧板更容易將氣節刮開，也較不痛 專利多角度設計，按摩、排酸、刮痧、撥筋、舒緩疲勞 美容 瘦小臉 泡溫泉泡澡 永不生鏽,其他金屬,機器製造 ,台灣 ,,,,,
0029,0029a,0029b,0029c,0029d,,,4,b029,水培植栽│室內植物_龜背芋 (藤編花器),伯伯賣花│水培植栽專賣,1786,1786,1880,497,免運,,95,95,,水培植物│乾淨無土好照護 可放置於室內明亮散光處，僅需每周換水、保持通風即可。,植物．花,手工製造,台灣 ,,,,,
0030,0030a,0030b,0030c,0030d,,,4,b030,Vana Candles香氛蠟燭暖燈 北歐圓頂款 嚴選三色 送蠟燭!!,Vana Candles,0,,2490,,,,,,,Vana Candles 品牌獨家設計，顛覆暖燈印象，靈感汲取現代感燈飾和神祕的UFO飛碟，簡單俐落的霧面質感金屬線條，拼接木製底座，保有溫暖的質地。,木頭 ,手工製造,中國大陸 ,,,,,
0031,0031a,0031b,0031c,0031d,,,4,b031,【快速出貨】除舊佈新 最美輕量除溼機 網美級除溼機好評推薦,ROOMMI,3000,3000,3529,499,免運,,85,85,,"功能:　除濕機, 滿水自動停止。 特點: 歐洲質感設計, 適合5~8坪空間, 衣櫥裡, 浴室, 小套房, 特點:省電靜音, 安全, 輕量方便隨時移動空間, 最適合人體的溼度控制, 不必擔心過度除溼呼吸道口乾舌燥。",樹脂,機器製造 ,中國大陸 ,,,,,
0032,0032a,0032b,0032c,0032d,,,4,b032,【一秒變質感.室內綠植.免運】桌上型 龜背芋水泥盆栽 淨化空氣,JU多肉 人生如同一盆植栽,779,779,820,,,獨家販售 ,95,95,,盆器採用圓柱體盆搭配圓角斜切設計，適合擺在各種室內風格環境或個性化的店面裝飾，想為辦公室工作空間增添綠化質感更是絕佳的選擇，水泥幾何質感非常容易搭配，各種環境點綴馬上融入，不論放在哪個角落都能直接提升質感氛圍，讓毫無生氣的室內空間馬上加分！,水泥,手工製造,台灣 ,獨家販售 ,,,,
0033,0033a,0033b,0033c,0033d,,,4,b033,迷你迷你珍珠奶茶小冰箱,smoko Inc.,0,,2950,501,免運,,,,,"迷你小冰箱的兄弟""迷你迷你小冰箱來嘍""! 因為超級迷你所以要講兩遍 ^__^ 一樣的功能，一樣的療癒，1/2的尺寸，出外郊游的好夥伴，玲瓏小巧的尺寸讓您輕鬆帶著走~",其他材質,機器製造 ,中國大陸 ,,,,,
0034,0034a,0034b,0034c,0034d,,,4,b034,【日本和樂の音色】荷包蛋地毯,FULUX 弗洛克,0,,2750,502,,,,,,．吐司荷包蛋全新企劃 ．2020.7連線新款 ．日本公司高品質全程把關製作,其他材質,機器製造 ,台灣 ,,,,,
0035,0035a,0035b,0035c,0035d,0035e,,5,b035,日本KINTO TO GO BOTTLE 雙層隨手瓶360ml / 480ml / 共5色,KINTO Taiwan (授權總代理),816,816,960,,,,85,85,,簡易方便開蓋，外出攜帶好拿好握，雙層結構防水珠設計，長時間保持冰冷不融化,樹脂,機器製造 ,中國大陸 ,,,,,
0036,0036a,0036b,0036c,0036d,0036e,,5,b036,快速出貨|空氣過濾好幫手|Mr.Q負離子空氣清淨機I居家HEPA級濾網,AIRPLUG設計館,0,,899,504,,,,,,Mr.Q負離子空氣清淨機內置『可替換式』HEPA級雙層活性碳抗菌濾網，空氣淨化的同時還能產生負離子，加強濾出空氣中的細菌及異味，USB接孔的輕巧小家電，居家、辦公、車用好空氣一把抓，一起找回呼吸自主權。部分商品預購，欲訂購可訊息確認,塑膠,機器製造 ,中國大陸 ,,,,,
0037,0037a,0037b,0037c,0037d,,,4,b037,日本 RISU 北歐風堆疊抽屜櫃組 L(加大版) 四色可選,this-this 雜貨研究所,2974,2974,3380,505,,,88,88,,並非亮面的，而是以消光舒服的粉刷色調製成 擺在室內有種北歐風的安穩舒適感 尺寸又是剛好是A4的大小，不論擺在哪個位置都非常恰當 還有多種尺寸，可依環境選擇適合的高度 深度是50公分的長度，您也可直接放入大衣櫃內，收納襪子或是大小毛巾,塑膠,機器製造 ,日本 ,,,,,
0038,0038a,0038b,0038c,0038d,0038e,,5,b038,EP.1 鍾情 Love at First Sight - 愛情六部曲 | 白茶 200G,Esp.AGAPE - Perfume & Fragrance,0,,880,,,,,,,EP.1 鍾情 Love at First Sight - 愛情六部曲 LOVE Collection 白茶香薰蠟燭 200G,蠟,手工製造,香港,,,,,
0039,0039a,0039b,0039c,0039d,,,4,b039,可愛水泥擴香石 / 簡約風 禮物 (連天然精油),Geologists,0,,329,507,,,,,,🦉用可愛的水泥石子為你的房間增添氣氛吧！可以隨個人喜好替換香味，可以用水清洗，底部亦有膠墊作固定🦧,水泥,手工製造,香港,,,,,
0040,0040a,0040b,0040c,0040d,,,4,b040,大阿嗚 Awu 筆筒/雜物收納 (活潑 橙),Smilingoods 生活裡的笑容,342,342,380,,免運,,9,90,,可愛逗趣的仰天長嘯外型，結合動物本能的習性動作，激發內心最簡單、直接且原始的情感～,塑膠,機器製造 ,台灣 ,,,,,
0041,0041a,0041b,0041c,0041d,0041e,,5,b041,WOOLI 經典款螢幕架 - 雲藤木 客製化,WOOLI,0,,1150,,,,,,,可做為螢幕架 / 置物架或各種收納架使用 ,木頭 ,手工製造,台灣 ,,,,,
0042,0042a,0042b,0042c,0042d,,,4,b042,快速出貨| Miss.Q充電變速涼風扇 |今夏暢銷好物|免接線可旋轉|,AIRPLUG設計館,0,,799,,,,,,,透過旋轉、按壓按鈕可達無段式調整風速及旋轉功能，除此之外更具有市面桌上型風扇少有的“自然風模式”。產品採用『靜音馬達』，居家及辦公環境使用高品質不受干擾。,塑膠,機器製造 ,中國大陸 ,,,,,
0043,0043a,0043b,0043c,0043d,0043e,0043f,6,b043,M32 亞洲白茶系列商品/蠟燭/擴香瓶/噴霧,缪香MEOWXIANG,342,342,380,353,,,9,90,,享受香氣帶來的溫度， 品味存在於空氣中的美好！,玻璃,手工製造,台灣 ,,,,,
0044,0044a,0044b,0044c,0044d,0044e,0044f,6,b044,原木色竹時日式掛鐘 壁掛靜音時鐘 木質鐘掛鐘,自然家 | Operated by Pinkoi,0,,1659,354,免運,,,,,原木色竹時日式掛鐘 壁掛靜音時鐘 木質鐘掛鐘,其他材質,機器製造 ,中國大陸 ,,,,,
0045,0045a,0045b,0045c,0045d,,,4,b045,日系條紋涼感被 涼感纖維 三色可選【超取限購二組】,annahome棉床本舖,891,891,990,355,,,9,90,,柔順親膚 Q-Max值達到0.328 涼感舒適 夏季神物,聚酯纖維,機器製造 ,中國大陸 ,,,,,
0046,0046a,0046b,0046c,0046d,0046e,,5,b046,免打孔洞洞板實木掛牆壁收納置物板木板書架電視牆隔板牆上置物架,無意家居,0,,1975,,,,,,,Vana Candles 品牌獨家設計，顛覆暖燈印象，靈感汲取現代感燈飾和神祕的UFO飛碟，簡單俐落的霧面質感金屬線條，拼接木製底座，保有溫暖的質地。,木頭 ,手工製造,中國大陸 ,,,,,
0047,0047a,0047b,0047c,0047d,0047e,,5,b047,桌面多功能壓克力口罩抽屜收納盒,喵術士 MSS | Operated by Pinkoi,0,,505,,免運,,,,,MSS 喵術士桌面多功能亞克力口罩抽屜收納盒整理文具工具日本,壓克力,機器製造 ,中國大陸 ,,,,,
0048,0048a,0048b,0048c,0048d,,,4,b048,浪漫系:香氛療癒紓壓助眠 Jo Malone 英國梨與小蒼蘭/婚禮日,Kate Candle Art Paradise,0,,899,,,"客製服務,  獨家販售 ",,,,每一天都是獨一無二的一天，無論是努力工作著、休假宅在家、出去度假、或是又平常的過一天，都應該好好洗個澡沈澱完心情，點上一顆精油蠟燭，享受一下今天的經歷。,玻璃,手工製造,台灣 ,"客製服務,  獨家販售 ",,,,
0049,0049a,0049b,0049c,0049d,0049e,0049f,6,b049,nanahsu似顏繪加購商品 - 無框畫(含卡片一張) | 情人節 插畫,男男製造 nanahsu,0,,550,,,,,,,⚠️商品不包含似顏繪的價格 ***此為加購商品勿直接下單 請先私訊討論***,紙,手工製造,台灣 ,,,,,
0050,0050a,0050b,0050c,0050d,0050e,,5,b050,Oval TRAY I 置物皿 I 水泥 I 擺飾 I 杯墊 I 小碟 I 清水模－,壹叁叁壹 Cementer No.1331,0,,280,360,,2,,,,Oval TRAY－呈現水泥原始質感元素，高質感 x 多用途，完美呈現清水模的簡約，溫潤設計能融入各種室內風格。樸素質感的內斂，卻透著不一樣的個性氣息，低調中提升質感的設計美物替生活注入一抹新鮮元素！,水泥,手工製造,台灣 ,2,,,,
0051,0051a,0051b,,,,,2,b051,Art Print Poster Golden Shower Lanna Flower Collection,tamattayasaiprint,0,,795,361,免運,,,,,Art Print Poster Golden Shower Flower Collection Size: A3 297 x 420mm (Vertical),紙,機器製造 ,泰國 ,,,,,
0052,0052a,0052b,0052c,0052d,,,4,b052,60支天絲|兩用被床包組|四件式|萊塞爾纖維|台灣製造|仲夏夜之夢,織眠家族,3638,3638,4280,362,免運,,85,85,,奧地利蘭精公司天絲萊賽爾纖維採用 絕美獨家設計花色 純淨、衛生、無化學添加 光澤度及色牢度極佳 絲滑柔嫩的親膚觸感 全工藝製程不起毛球 SGS檢測不含有毒物質,其他材質,手工製造,台灣 ,,,,,
0053,0053a,0053b,0053c,0053d,0053e,,5,b053,【歐士OSHI】輕草地螢幕架 辦公室收納 實木 快速出貨 聖誕節,OSHI歐士,0,,1780,363,免運,,,,,※熱賣款※ 🌹歐士為您準備貼心的送禮首選 【輕草地螢幕架】 🌹輕草地不但讓您在上班感到煩悶時， 🌹看了自己的可愛的公仔，擺放在綠茵草地上， 🌹也會覺得一天的疲憊，就這樣消失了 : ),木頭 ,機器製造 ,台灣 ,,,,,
0054,0054a,0054b,0054c,,,,3,b054,Vana Candles故事版香氛蠟燭暖燈禮盒 共2款,Vana Candles,1994,1994,2266,364,,,88,88,,Vana Candles 瑞典設計香氛蠟燭暖燈，靈感擷取歐陸復古油燈風格，搭配Vana Candles香氛蠟燭將空間營造出寧靜舒適的氛圍。,蠟,手工製造,中國大陸 ,,,,,
0055,0055a,0055b,0055c,0055d,0055e,,5,b055,極簡落地燈創意立式氛圍燈個性實木led落地臺燈臥室客廳北歐燈具,PTLIFE平田,923,923,1025,,,,9,90,,簡潔如壹，不占空間，隨處可放。 ,木頭 ,手工製造,中國大陸 ,,,,,
0056,0056a,0056b,0056c,0056d,0056e,,5,b056,房子 / 衛生紙套,右手超人,0,,780,,,,,,,衛生紙套，用磁釦固定的，可以裝飾衛生紙,防水材質,機器製造 ,台灣 ,,,,,
0057,0057a,0057b,0057c,0057d,0057e,,5,b057,原木色現貨 實木復古融蠟燈 香氛融燭燈 市面唯一不燙手 可調高度,USERWATS,0,,2650,,,,,,,因為一頭栽進香氛蠟燭的坑，但又需要顧到明火的安全，於是開發了這款以實木製作的融蠟燈:可麗露。 可麗露不只調整燈光，還可以調整高度角度， 因為用的是有厚度的實木，燈光照久了也會比一般融蠟燈的燈頭來的不燙手。 每款融蠟燈皆附燈泡，收到即可用,木頭 ,機器製造 ,台灣 ,,,,,
0058,0058a,0058b,0058c,0058d,,,4,b058,日本豊田産業 | TOBIcoBACO 跳箱造型木製迷你收納盒-Punva堆疊3,豊田産業,0,,1980,,,,,,,款式：**Punva 堆疊式3層** ,木頭 ,手工製造,台灣 ,,,,,
0059,0059a,0059b,0059c,0059d,0059e,,5,b059,羊奶的家*手作/兔子微景觀森林 療癒禮物 (蒲公英永生花),羊奶的家 UNI HOUSE,0,,1489,56,,,,,,🌳🐰療癒的微型景觀森林， 可愛的小兔子躺在草皮上注視著蒲公英， 陽光温柔地灑落在它的身上， 一個個都撑著一把雪白的毛绒小傘， 等待一陣風吹了過来~,植物．花,手工製造,台灣 ,,,,,
0060,0060a,0060b,0060c,0060d,,,4,b060,多功能組件推車-白/家居整理收納/文具收納新品/畢業交換禮物,立格扉 Ligfe,0,,2450,57,,,,,,簡約純白色系，多元組件設計收納再升級 打造專屬自己的風格，居家的一角井然有序。,其他金屬,機器製造 ,台灣 ,,,,,
0061,0061a,0061b,0061c,0061d,0061e,,5,b061,【防疫24h出貨】75%酒精乾洗手/白橙花青檸植萃噴霧,沐時光,342,342,380,58,免運,,9,90,,一款涵蓋14世紀歐洲人文、氣候、歷史背景的氣味。 在中世紀歐洲，隨手可得的柑橘果實、枝葉和白花就是這時期常用的香材。依照歐洲傳統調香工法，所有的香料都採集自大自然：西西里島的青檸、塞維亞苦橙、英國白橙花，還原復刻14世紀歐洲一方人文風土。,植物．花,手工製造,台灣 ,,,,,
0062,0062a,0062b,0062c,0062d,0062e,0062f,6,b062,60支長絨精梳棉|床包|被套|枕套|素色|刺繡|台灣製|第凡內早餐,織眠家族,679,679,799,59,免運,,85,85,,60支長絨精梳棉布料，由專業師傅手工車縫；質料親膚透氣 ，質感富有光澤；以純色搭配刺繡設計，打造品味生活，享受質感好寢。,棉．麻,手工製造,台灣 ,,,,,
0063,0063a,0063b,0063c,,,,3,b063,純天然植物精油 (10ml) - 芳療 薰香 淨化空氣,LANIAKEA 嵐尼雅香氛,0,,250,,免運,,,,,嵐尼雅的精油，是來自法國等地進口的純天然精油，產地來自世界各地，經過英國土壤協會及荷蘭EKO有機認證，品質保證，純淨溫和。,精油,手工製造,台灣 ,,,,,
0064,0064a,0064b,0064c,0064d,0064e,,5,b064,【限電首選】Lisscode自動擺頭伸縮風扇 | 24小時超強續航,lisscode,990,990,1320,,,,75,75,,自動旋轉擺頭設定 五段伸縮高低 超大電量24小時不間斷 可拆式前風罩,塑膠,機器製造 ,中國大陸 ,,,,,
0065,0065a,0065b,0065c,0065d,,,4,b065,日本KINTO ACTIVE TUMBLER 運動魔法瓶600ml /800ml /共5色,KINTO Taiwan (授權總代理),1318,1318,1550,62,免運,,85,85,,600ml與800ml兩種大容量，搭配沉穩卻不失質感的配色，為在陽光下揮灑汗水享受運動生活的你，提供補充能量的最佳選擇。,不鏽鋼,機器製造 ,中國大陸 ,,,,,
0066,0066a,0066b,0066c,0066d,,,4,b066,MoriMori LED 煤油燈藍牙音響 ORIGINAL GREEN 經典綠,MoriMori Taiwan,2880,2880,3388,63,免運,,85,85,,Mori（もり）為「森林」之意，品牌源自日本輕井澤森林，以匠人精神，致力於創造與自然感官體驗完美結合的系列家居藝術品。,樹脂,機器製造 ,中國大陸 ,,,,,
0067,0067a,0067b,,,,,2,b067,藝術家Hsing Anna/合歡山,Anna Artworks,0,,3000,64,,2,,,,媒材：蠟筆（crayon)、厚紙板 作品年份：2016 尺寸：21*27 cm,紙,手工製造,台灣 ,2,,,,
0068,0068a,0068b,0068c,0068d,,,4,b068,工業風六格推車-鐵灰色/霧灰色/居家收納,立格扉 Ligfe,0,,1480,,,,,,,質感霧灰搭配黑色系，行動自如、層層收納，別具風格的居家時尚單品!,其他金屬,機器製造 ,台灣 ,,,,,
0069,0069a,0069b,0069c,0069d,,,4,b069,80g迷你蠟燭禮盒/八款氣味任選,缪香MEOWXIANG,1275,1275,1500,,,,85,85,,原價1500， 適合3-4坪小空間使用， 送禮的最佳選擇！,蠟,手工製造,台灣 ,,,,,
0070,0070a,0070b,0070c,0070d,0070e,,5,b070,漂浮珍奶杯 - Tritan版(3色可選),FLOAT,0,,780,,,,,,,全宇宙第一款不用吸管也能喝到珍珠的「FLOAT 漂浮珍奶杯」。沒有了吸管，飲料杯變得好洗、好帶、甚至更好喝；美好的使用體驗把環保變得簡單，讓你輕鬆愛地球！,塑膠,機器製造 ,台灣 ,,,,,
0071,0071a,0071b,0071c,0071d,,,4,b071,鬼蝠魟造型毛毯,DOWN BY THE SEA,0,,1755,,,,,,,鬼蝠魟造型毛毯，150 x 85 公分。,環保材質,機器製造 ,泰國 ,,,,,
0072,0072a,0072b,0072c,,,,3,b072,原作版畫 - 啟承轉合 - 張凌翔 - 作品含框,岩筆模MBmore,0,,9000,,免運,,,,,作品資訊-- 藝術家：張凌翔 尺寸：約11.5x13.8cm(畫心) 版種：木口木版 年代：2016 加工註解：印製於日本雁皮宣上，再裱貼於日本和紙。 作品含框裱。,紙,手工製造,台灣 ,,,,,
0073,0073a,0073b,0073c,,,,3,b073,朵氛禮盒D-乾燥花DIY擴香杯-乾燥花組+精油+可密封玻璃杯200ml附,朵氛 Dofen,0,,450,,免運,"客製服務, 獨家販售 ",,,,乾燥花DIY杯 新春賀禮 附甜橙精油,精油,手工製造,台灣 ,"客製服務, 獨家販售 ",,,,
0074,0074a,0074b,0074c,0074d,,,4,b074,此木－暖心燈座　客製化夜燈　情人禮物 生日禮物　結婚禮物,此木の悠,0,,998,,免運,,,,,「讓每一份有溫度的溫暖找到歸屬」 寒冷的冬夜，颯颯的冷風 是否還在找尋能夠讓您暖心的寄托? 冬天是團圓的季節， 此木幫您們用簡單的呈現， 道出千里遙遙的思念。 讓寒冷的夜晚， 因珍貴的心意而溫暖起來。,壓克力,機器製造 ,台灣 ,,,,,
0075,0075a,0075b,0075c,0075d,0075e,,5,b075,草莓晶 粉色繡球花 大理石碗 50g 250g 天然大豆蠟香氛蠟燭 晶石,Natural Candle Airl,0,,679,456,免運,,,,,Candle Airl 使用100%純正大豆蠟，無黑煙，無殘留物。,蠟,手工製造,香港,,,,,
0076,0076a,0076b,0076c,0076d,,,4,b076,山舍原創木質大腳紙巾盒,山舍senser,0,,1585,457,免運,,,,,山舍原創的圓乎乎的木質紙巾盒-大腳紙巾盒,木頭 ,機器製造 ,中國大陸 ,,,,,
0077,0077a,0077b,0077c,0077d,,,4,b077,波蘭手工陶瓷鳥擺設 - 站立母雞 - 白色 - 高10厘米,Jehn Ceramika by Boonbui,0,,1059,458,,,,,,具廿多年經驗的波蘭陶藝手作人Robert Jehn-Olszewski，參照真實鳥類品種再加入現代設計元素製成。 高度：10 厘米 物料：白泥、陶瓷、白色釉彩、鋼支架,陶,機器製造 ,波蘭,,,,,
0078,0078a,0078b,,,,,2,b078,日本ideaco 原木蓋口罩收納抽取盒,日本ideaco,1323,1323,1890,459,免運,,7,70,,將口罩堆疊收納成一盒，方便抽取，原木質感溫潤。,木頭 ,機器製造 ,中國大陸 ,,,,,
0079,0079a,0079b,0079c,0079d,0079e,,5,b079,山舍 | 微笑口罩盒 實木手工 門廳 玄關 鑰匙收納架 口罩收納盒,山舍senser,0,,1929,460,免運,,,,,特殊的一年，因為疫情，我們每個人都面臨了前所未有的困難。在這個過程中，我們見證了大家的團結和力量，以及面對困難的樂觀精神和勇氣。2020年或許是疫情元年，或許口罩會是我們生活中離不開的用品，那就讓我們保持微笑，哪怕戴著口罩！,木頭 ,機器製造 ,中國大陸 ,,,,,
0080,0080a,0080b,0080c,0080d,,,4,b080,【新品到貨】官方授權英國Paladone瑪利歐火花小夜燈,Paladone UK,0,,699,461,,,,,,來自居家生活英國品牌 Paladone 與 Nintendo 攜手合作推出官方授權小夜燈，源於深受歡迎遊戲 《超級瑪利歐》的火花角色， 火花是在《超級瑪利歐》遊戲內會令瑪利歐可以﻿﻿掟火球做武器，打低敵人，讓大家更享受遊戲，自用送禮首選。,塑膠,機器製造 ,中國大陸 ,,,,,
0081,0081a,0081b,0081c,0081d,0081e,,5,b081,【ONPRO】微家電吸塵器 USB充電式迷你吹吸兩用無線吸塵器 UV-V1,ONPRO,990,990,1237,462,,,8,80,,■ 強力29000rpm馬達 ■ 強勁吸力 2.0Kpa ■ 吹塵吸塵兩用設計超好用 ■ 汽車手套箱置杯架好收納 ■ 附贈刷毛吸炳沙發鍵盤最適合 ■ 可水洗重複使用濾芯 ■ 小巧好收納 ■ 大心附贈高級絨布套,塑膠,機器製造 ,中國大陸 ,,,,,
0082,0082a,0082b,0082c,0082d,0082e,,5,b082,Patti Florist春日花漾 不凋繡球花樹,Patti Florist,0,,1280,463,,,,,,花開了，屬於春天的腳步接近了，只要看著各種顏色的繡球花樹，無時無刻都是風和日麗，心情美麗的春天！,植物．花,手工製造,台灣 ,,,,,
0083,0083a,0083b,0083c,0083d,,,4,b083,經典生活 - 海棠花玻璃衛生紙盒,Hands,0,,1380,464,免運,,,,,花窗衛生紙盒 - 台灣在地工藝，讓工藝重新回到日 傳承日式組子細工的技法，由彰化永茂木器，在一九七○年代，花窗曾經是鹿港引以為傲的產業，走過一甲子歲月。Hands以品牌新的設計與形象再次推出花窗收納盒! 讓家中客廳多一份台灣的好味道~,木頭 ,手工製造,台灣 ,,,,,
0084,0084a,0084b,0084c,0084d,,,4,b084,實木香氛融蠟燈 睡眠定時 防燙設計 遠距遙控,USERWATS,0,,3600,465,免運,,,,,我們以定時小夜燈的經驗開發了一款自!帶!定!時!的融蠟燈，配有遙控器可以控制亮度與開關，這真的是融蠟燈界首創，就是希望大家在享受蠟燭香氛時，也能兼顧安全與便利。 送禮自用都適合的安全融蠟燈-錵Hana,木頭 ,手工製造,中國大陸 ,,,,,
0085,0085a,0085b,0085c,0085d,0085e,,5,b085,Fiddle 琴葉榕大型室內植栽_荷蘭設計極簡霧面盆,小菜一盆 laiveitsai,1555,1555,1620,466,免運,,96,96,,Fiddle Leaf Fig 琴葉榕 （大植栽） 小葉的琴葉榮品種長大版！ 讓想省下養大成人時間的盆友可以直接購買大植栽 也可以省事不用移植，直接讓大家直接選擇想要的盆栽顏色 大家要記得備註填寫不然就會隨機顏色出貨囉！ 琴葉榕如同棵小,植物．花,手工製造,台灣 ,,,,,
0086,0086a,0086b,0086c,0086d,0086e,,5,b086,實木展示櫃 | 點心櫃 | 海棠花玻璃櫥窗,紳森實木ShenSenWood,0,,5300,467,免運,,,,,*缺貨通知: 海棠花玻璃/如訂購相關產品會延長到貨時間，急單請勿下單謝謝 點心櫃‖小櫥窗 喜歡「海棠花紋」，想要擁有小巧的點心櫃。 放入自己用心手作的麵包，細心呵護於櫃中呈現。,木頭 ,手工製造,台灣 ,,,,,
0087,0087a,0087b,0087c,0087d,,,4,b087,Variegated Pittosporum斑葉海桐大型植栽_荷蘭設計極簡霧面盆,小菜一盆 laiveitsai,0,,1620,468,,,,,,迎戰夏季！！Variegated Pittosporum 耐熱、耐風、耐旱的斑葉海桐！ 是海桐科品種之一的常綠小灌木 原本是生長在熱帶跟亞熱帶的濱海植物 所以對鹽分有抗性，也耐海風、耐熱跟耐旱 這個品種的葉子顏色偏灰綠😍不是鮮綠的那種,植物．花,手工製造,台灣 ,,,,,
0088,0088a,0088b,0088c,0088d,,,4,b088,日本 yamato japan doors mini 手工前開式迷你型垃圾桶 8L-八色,yamato japan,0,,2180,,,,,,,使用生長在潔淨的水和大自然中的木材 每個木材都是精心挑選而出，木匠們用著傳統與現代的技術及純手工製作成許多與我們日常生活息息相關的周邊用品。每件商品都是獨一無二的。 yamotojapan希望透過木製商品的柔和感與溫暖為顧客帶來更舒適的生活,木頭 ,手工製造,日本 ,,,,,
0089,0089a,0089b,0089c,0089d,,,4,b089,RELEASE 精油睡眠噴霧30ml,Sleepy me,546,546,780,,,,7,70,,"RELEASE睡眠噴霧－ 安撫緊繃的情緒,穩定不安的心情,進而讓身體放鬆,釋放壓力,弛放神經而達到助眠的效果。",精油,手工製造,台灣 ,,,,,
0090,0090a,0090b,,,,,2,b090,Miffy掛牆磁鐵板,hellolittleshop,0,,2645,,,,,,,尺寸 56H x 36cm 100% 比利時製造 磁鐵板懸挂,不鏽鋼,機器製造 ,比利時,,,,,
0091,0091a,0091b,0091c,0091d,,,4,b091,此木－檜木杯墊(含設計) 一款能聞到味道的杯墊 客製化 刻字 圖像,此木の悠,0,,269,,免運,,,,,一款有味道的杯墊， 將你的心意傳遞出去。 用線條來描繪彼此間的聯繫， 用文字來表達象徵性的話語， 心意本身是一種無形的寄託， 可以透過不同的方式來傳遞。,木頭 ,機器製造 ,台灣 ,,,,,
0092,0092a,0092b,0092c,0092d,,,4,b092,Mod - 淺木紋靜音時鐘 掛鐘 數字,Desrochers x 曜生活,749,749,999,,免運,,75,75,,"木製品雕刻數字,二D的凹字形,側邊正面都非常清楚和清晰,提供3種不同顏色可供參考",木頭 ,機器製造 ,台灣 ,,,,,
0093,0093a,0093b,0093c,,,,3,b093,釉彩玻璃畫-山,M.L.慢砌,0,,5000,,免運,,,,,玻璃 / 壁飾 / 小品掛畫 / 送禮 / 居家,玻璃,手工製造,台灣 ,,,,,
0094,0094a,0094b,0094c,,,,3,b094,【防疫期間】永德堂 －你絕對會需要的盤香組合 贈十二生肖生香盒,永德堂,0,,1150,,,,,,,香，可以是引導正向生活的能量，永德堂遵循古法與天然材料，堅持呈現最好的味道 ,木頭 ,手工製造,台灣 ,,,,,
0095,0095a,0095b,0095c,,,,3,b095,Bucute富士山與福神面紙套/面紙盒/100%手工/讓人想一直抽的面紙,Bucute,0,,1580,,免運,,,,,讓人一直想抽的面紙套 今年推出限量日式新年款 和風富士山 另外有搭配福神組合優惠價,其他材質,手工製造,台灣 ,,,,,
0096,0096a,0096b,0096c,0096d,,,4,b096,玫瑰金 防塵耳環飾品收納盒 珠寶首飾盒 女友生日 畢業禮物,Moosy Life 目喜生活,0,,1180,,免運,,,,,耳針、耳夾皆適用，約可收放20-30副耳環（依耳環大小而定）｜上下錯落的橫槓設計，讓長型耳環或項鍊可掛置上層，也不會碰撞到下層｜防塵拉抽設計，減緩氧化速度也兼具展示功能,壓克力,手工製造,台灣 ,,,,,
0097,0097a,0097b,0097c,,,,3,b097,瓔珞莊園 自然系植栽/PD07/圓葉椒草苔球/送禮小物/開幕送禮/防疫,KEYURA GARDEN瓔珞莊園,0,,350,32,,,,,,"每款皆附贈植物養護卡+蓄水盤+大頭針+小木片 / 苔球包裹水苔及椰絲製作而成 / 直徑約10-12cm 高度約18-20cm / 室內淨化空氣的好幫手, 吸取甲醛甲苯、二甲苯、二氧化碳、灰塵",植物．花,手工製造,台灣 ,,,,,
0098,0098a,0098b,0098c,0098d,0098e,,5,b098,Life素色系列- 玖月 100%精梳棉(60支) 床包組 台灣製造,annahome棉床本舖,242,242,269,33,免運,,9,90,,【超取限一組】•100%精選精梳棉 •花色獨家好搭配 •布品平順好觸感 •全程台灣精製,棉．麻,機器製造 ,台灣 ,,,,,
0099,0099a,0099b,0099c,0099d,,,4,b099,【新色New】KINTO AQUA CULTURE玻璃花瓶 / 共6款,KINTO Taiwan (授權總代理),646,646,760,34,免運,,85,85,,清澈的玻璃材質，有透明與藍灰兩種顏色，讓人能夠近距離觀察植物草葉的延伸！,玻璃,手工製造,日本 ,,,,,
00100,00100a,00100b,00100c,00100d,,,4,b100,【可客製文字】畢業禮物 法式字母浮游花夜燈 藍紫水晶-正常款,WEIWEI FLOWER 質感乾燥花&永生花設計花禮,0,,539,35,免運,客製服務 ,,,,美美的浮游花瓶 獨家可客製文字在瓶身,植物．花,手工製造,台灣 ,客製服務 ,,,,
00101,00101a,00101b,00101c,00101d,00101e,,5,b101,日本TWINBIRD 美型蒸氣掛燙機 / 白,Twinbird 日本家電設計品牌,1990,1990,3980,36,,,5,50,,超輕量設計，隨手熨燙；470g (不含配件)設計，手感舒適；不需要熨衫板，衣物掛好後直接使用。,其他材質,機器製造 ,中國大陸 ,,,,,
00102,00102a,00102b,00102c,00102d,,,4,b102,雅拾 衣架,居然 家居,0,,2100,37,,獨家販售 ,,,,"● 白橡木色 尺寸：W80 X D40 X H173 (公分) ＊全館家具商品消費 - 滿 NT$ 8,000元 ，享免運 ＊全館家具商品消費 - 滿 NT$ 6,000元 ，統一運費300元",其他材質,機器製造 ,台灣 ,獨家販售 ,,,,
00103,00103a,00103b,00103c,00103d,00103e,,5,b103,【醫療防疫】快速出貨 |【銀離子抗菌口罩收納盒】溫暖花草森林,SINGLE NEST （滿千免運）,0,,380,38,免運,,,,,採用日本銀離子無機抗菌技術 日本原裝抗菌材料 有效隔絕細菌滋生,環保材質,機器製造 ,台灣 ,,,,,
00104,00104a,00104b,00104c,00104d,,,4,b104,60支長絨精梳棉|床包|被套|枕套|素色|刺繡|台灣製|第凡內早餐,織眠家族,679,679,799,39,免運,,85,85,,60支長絨精梳棉布料，由專業師傅手工車縫；質料親膚透氣 ，質感富有光澤；以純色搭配刺繡設計，打造品味生活，享受質感好寢。,棉．麻,手工製造,台灣 ,,,,,
00105,00105a,00105b,00105c,00105d,00105e,,5,b105,【限電首選】Lisscode自動擺頭伸縮風扇 | 24小時超強續航,lisscode,990,990,1320,40,免運,,75,75,,自動旋轉擺頭設定 五段伸縮高低 超大電量24小時不間斷 可拆式前風罩,塑膠,機器製造 ,中國大陸 ,,,,,
00106,00106a,00106b,00106c,00106d,00106e,00106f,6,b106,組合優惠 | 正負零XJM-F020 無線電動拖把 +專用拖布組 極簡白,±0 正負零,0,,4990,41,,,,,,"2公斤輕巧設計 |續航力高達40分鐘 | 每分鐘190轉高速好清潔 | 精密設計手持角度,易於拆裝的延長管,四段高度調節 |多角度清潔,不論是桌腳、牆縫都能靈活清潔 | 乾/濕兩種拖布隨時替換 | 貼心LED燈照明,髒污無所遁形",其他材質,機器製造 ,台灣 ,,,,,
00107,00107a,00107b,00107c,00107d,,,4,b107,【春季好物】DONKEY PRODUCTS Maneki - Neko 幸運繽紛招財貓,Shark Tank Taiwan 歐美時尚生活網,0,,990,,免運,,,,,來自德國的 DONKEY 工作室的幸運繽紛招財貓，以傳統招財貓為原型，使用啞光噴漆材料，設計出現代又洋氣的招財吉祥物。它們不僅可以為您的店鋪調性畫龍點睛，吸引路過年輕族群的注意，放在家中的也可以妝點居家空間，帶來一份療愈力量。,其他材質,機器製造 ,中國大陸 ,,,,,
00108,00108a,00108b,00108c,00108d,00108e,00108f,6,b108,COLIN 弧形凳,Gudee 好迪家居,0,,3490,,免運,,,,,雙層結構設計，提升穩固，並貼近人體坐姿，是安穩舒適的椅凳。 *目前此商品無現貨，預計到貨時間6月初，到貨後會依訂單陸續出貨 !,竹,手工製造,中國大陸 ,,,,,
00109,00109a,00109b,00109c,,,,3,b109,【法國 SteamOne】S-NOMAD手持式蒸氣掛燙機(奶油白),SteamOne,0,,4280,789,免運,,,,,45秒快速加熱 手持式設計 免用熨燙板 兩段式蒸氣 高效熨燙,其他材質,機器製造 ,中國大陸 ,,,,,
00110,00110a,00110b,00110c,,,,3,b110,小方桌實木小桌子家用多功能寶寶積木游戲桌玩具桌幼兒園桌兒童桌,無意家居,0,,1715,790,免運,,,,,進口實木打造，看得見的安全環保 桌面倒圓化處理，給孩子安全呵護 水滴狀桌腿設計，用料厚實，安全穩固 一桌多用，小飯桌、游戲桌、學習桌......更多身份，等著你和寶寶解鎖 精心打磨，手感順滑 色澤天然，看得見的清新自然,木頭 ,手工製造,中國大陸 ,,,,,
00111,00111a,00111b,00111c,00111d,00111e,,5,b111,19again皮革訂製面紙套/收納套,19 again,0,,490,791,免運,獨家販售 ,,,,從生活角落散發儀式感，居家生活、辦公室中的質感面紙套， 也可當作日常裝飾的收納小物擺放保養品、文具、居家收納...等等， 視覺與觸覺都能感受到皮革的柔軟， 防潑水設計放在化妝台、浴室裡也放心， 享受在自己的時區，走出自己的優雅步調。,其他材質,機器製造 ,台灣 ,獨家販售 ,,,,
00112,00112a,,,,,,1,b112,50顆袋裝高支撐獨立筒彈簧枕(1入)/拉鍊開口/台灣製,小日常寢居,0,,723,792,免運,,,,,☆50顆彈簧完整支撐包覆 ☆螺旋中空纖維棉柔軟舒適 ☆高貴壓花表布舒適透氣 ☆拉鍊開口可檢視內材 ☆高級優雅單滾邊設計,聚酯纖維,機器製造 ,台灣 ,,,,,
00113,00113a,00113b,00113c,00113d,00113e,,5,b113,Zakka Casa居家生活/新品/實木洞洞層架/掛勾/木質洞洞板/置物架,ZakkaCASA,0,,780,793,,,,,,新品上架，實木洞洞層架 - 生活質感，從浪漫的角落實現 劃分生活的空間 佈置一塊自己的小場域 用風格營造出居家生活的層次感 專屬於自己的角落 就是一日生活的開始！ ,木頭 ,手工製造,台灣 ,,,,,
00114,00114a,00114b,00114c,00114d,00114e,00114f,6,b114,【春夏特惠】UDDO 天然櫸木風扇 手持+立式兩用 | 台灣設計製造,lisscode,58,58,725,794,,,8,8,,結合純天然櫸木工藝，溫潤手感，便攜方便 三段風量調節 無刷電機風扇 採用高品質電芯2200mAh可充電電池 風罩增壓結構，增強風量 附有底座，可直立於桌面使用,木頭 ,機器製造 ,台灣 ,,,,,
00115,00115a,00115b,00115c,00115d,00115e,,5,b115,【美好製所】手工熱氣球-經典系列 紅/藍條紋 / 大型,美好製所 Craft Boutique,0,,3450,795,,客製服務 ,,,,美好製所- 手工熱氣球創造生活一個美好的想像 ,其他材質,手工製造,台灣 ,客製服務 ,,,,
00116,00116a,00116b,00116c,00116d,00116e,,5,b116,手工原木壁櫃 深色,黑鼻手工坊木工教室,0,,3200,796,,,,,,,木頭,手工製造,台灣 ,,,,,
00117,00117a,00117b,00117c,00117d,00117e,,5,b117,不一而作-一存一藏 書架,不一而作-人貓家具,0,,2350,797,免運,,,,,[貓咪遊樂場] 書架正面可以儲物，側面卻是貓咪的專屬遊樂場，讓貓咪跳上跳落。而兩個空間漚分隔開，不用擔心貓咪會弄翻東西。,木頭 ,機器製造 ,香港,,,,,
00118,00118a,00118b,00118c,00118d,,,4,b118,水泥老屋創作--老屋花坊(訂製),拙木創作,0,,8800,798,免運,獨家販售 ,,,,"純手工灌製水泥屋體,細木作門窗,獨一無二作品,透過門窗的光影十分懷舊.",水泥,手工製造,台灣 ,獨家販售 ,,,,
00119,00119a,00119b,00119c,00119d,,,4,b119,簡約竹木集線盒大+小組 /電線收納盒/畢業禮物,立格扉 Ligfe,0,,520,799,免運,,,,,凌亂的電線、充電線，常常讓人覺得一團亂； 想整理卻又不知道該如何收拾，有了集線盒， 所有的線通通可以乾乾淨淨整齊排列了!,木頭,機器製造 ,中國大陸 ,,,,,
00120,00120a,00120b,00120c,00120d,00120e,,5,b120,珍珠奶茶-新天絲棉床邊口袋床包枕套組,好關係 HAOKUANXI,0,,1580,,免運,,,,,萊賽爾天絲及純棉 以完美配比進行織造 感溫特性冬暖夏涼 一年四季使用皆合適 布料使用不易起皺 耐洗耐用減少起球率 貼心床邊口袋設計 放所有必備床邊小物,環保材質,手工製造,台灣 ,,,,,
00121,00121a,00121b,00121c,00121d,,,4,b121,長笛衣帽掛鉤 黑胡桃木 可滑動 60/80公分,息間,0,,65,,免運,,,,,這是一件特別輕巧的衣帽架，利用了傳統木工工藝的燕尾榫，採用實木精心雕琢，細長的木桿上幾顆圓鍵，每個圓鍵可以自由滑動，就像一款無聲的長笛。備註：圓鍵不單賣的。,木頭,手工製造,中國大陸 ,,,,,
00122,00122a,00122b,00122c,00122d,00122e,,5,b122,天堂島　木質擴香座,YIXIGE,1999,1999,2596,,免運,獨家販售 ,77,77,,天堂島 ｜ 全木質擴香座，打造一個放鬆平靜的療癒空間 我們希望它使人感到放鬆與平靜，看著看著就能被療癒 轉動可愛的橡果，放空同時放鬆，享受生活片刻的寧靜與紓壓,木頭,手工製造,台灣 ,獨家販售 ,,,,
00123,00123a,00123b,00123c,00123d,00123e,00123f,6,b123,淺木紋紋層架推車/居家收納,立格扉 Ligfe,0,,1835,438,,,,,,北歐風淺木紋搭配白色烤漆 行動自如、層層收納 輕鬆打造清新北歐風,其他金屬,機器製造 ,台灣 ,,,,,
00124,00124a,00124b,,,,,2,b124,瓔珞莊園*PD28/青蘋果竹芋/苔球/辦公室防疫/交換禮物/開幕禮,KEYURA GARDEN瓔珞莊園,0,,1480,439,,客製服務 ,,,,"大顆苔球皆附贈植物養護卡+蓄水盤+H立架+大頭針+小木片 / 苔球包裹水苔及椰絲製作而成 / 直徑約18-20cm 高度約35-40cm / 青蘋果竹芋照顧上更需要增加葉片的溼度，建議偶爾可以噴水在葉片上補強水分,避免葉燒也可讓植物更美",植物．花,手工製造,台灣 ,客製服務 ,,,,
00125,00125a,00125b,00125c,00125d,,,4,b125,我就是那個女主角,chiao yi,0,,3500,440,,,,,,禮物尺寸116.5cm *72.5cm 禮物價格 3500 元 作品為印刷品 製作時間約7到14天左右,其他材質,機器製造 ,台灣 ,,,,,
00126,00126a,00126b,00126c,00126d,00126e,,5,b126,平衡毛巾桿 黃銅+實木 可調節 免打孔,息間,0,,1505,441,,,,,,品名：平衡毛巾桿 材質：黑胡桃木 白蠟木 黃銅 涂裝：半開放硝基漆 符合歐盟標准 尺寸：支座直徑70mm，支座深度50mm，銅桿直徑10mm，銅桿長度 400-600mm 工藝：整木切割，手工打磨 安裝：免釘安裝,銅/黃銅,機器製造 ,中國大陸 ,,,,,
00127,00127a,00127b,00127c,00127d,,,4,b127,QUICK MOP 免手洗高效平板拖把1入(白)+拖布5入,百潔 PERCENT,1259,1259,1499,442,免運,,84,84,,環境清潔新主張，改變居家清潔的繁複過程，PERCENT 將清潔過程進入美好生活的新開端，免洗手過程，專利式去水刮柄，採360度高自由轉頭設計，彈性角度深入細微家務，擁有優雅清潔的新時代來臨。居家清潔不再繁瑣，用清潔詮釋品味生活的新開端。,其他材質,機器製造 ,中國大陸 ,,,,,
00128,00128a,00128b,00128c,00128d,,,4,b128,雨木茶几,ComfyCozy 原居,0,,5229,443,免運,,,,,崇尚簡單生活，喜愛分享大自然之美及手作工藝。,木頭,手工製造,印尼,,,,,
00129,00129a,00129b,00129c,00129d,,,4,b129,滿滿多肉小木箱 共2款。仿真黏土多肉植物,Una Sofa Handmade 優娜舒發手感小物,0,,590,444,免運,,,,,迷你木箱裡的滿滿多肉，可愛的袖珍比例，給你更大的療癒。仿真黏土多肉植物盆栽，不需費心照顧就能每天感受綠意,黏土,手工製造,台灣 ,,,,,
00130,00130a,00130b,00130c,,,,3,b130,【24小時內寄出】水泥消波塊 中部粽,氺の尼 泥研製所,0,,120,445,免運,獨家販售 ,,,,消波塊為粗糙質感 觸感較為踏實 【下單須知】 ▸下單前，請私訊設計師，確認商品。 ▸水泥製品，都會有特有的氣孔與紋路，表現出獨特的風格。 ▸水泥為易碎材質，在使用時也請注意保護勿碰撞。,水泥,手工製造,台灣 ,獨家販售 ,,,,
00131,00131a,00131b,00131c,00131d,00131e,,5,b131,天然草本香氛 尼泊爾Stupa 盒裝線香-喜馬拉雅雪松HimalayanCedar,Stupa Incense,0,,315,446,,,,,,"{喜馬拉雅雪松 Himalayan Cedar} - 淨化空氣 • 潔淨磁場 - | 主要成分：喜馬拉雅雪松, 杜松 | 香調：森林氣息清香木調 |",濃縮/萃取物,手工製造,尼泊爾,,,,,
00132,00132a,00132b,,,,,2,b132,雨中露營 | 怪奇氣味大豆香氛蠟燭 140g,The Wax Can,489,489,515,447,,,95,95,,氣味：雨水、水霧、泥土、葉； 燃點時間： 30 小時； 淨重：140g； 主要成份：大豆蠟、椰子蠟，植物油； 產地：香港手工製作；,蠟,手工製造,香港,,,,,
00133,00133a,00133b,00133c,00133d,,,4,b133,Jouetle北極熊Polar Bear 動物門擋書擋家居禮品擺件,Jouetle,0,,1439,448,免運,,,,,Jouetle北極熊Polar Bear 動物門擋書擋家居禮品擺件 ,聚酯纖維,手工製造,香港,,,,,
00134,00134a,00134b,00134c,,,,3,b134,客製化情侶照片 spotify歌曲亞克力擺飾 情人節結婚週年生日禮物,IGREAN艾綠繪,0,,555,449,,,,,,選一張照片配上喜歡的歌曲，記錄一起共度的快樂時光，也包含這美好的祝福和期待。縱然時光流逝但一起哼過的聽過的歌，透過Youtube和Spotify依然可以無限循環，美好的瞬間也在相框里慢慢的回味，直至永遠。對定製有疑問請先讀商品詳情后再提出。,壓克力,機器製造 ,中國大陸 ,,,,,
00135,00135a,00135b,00135c,00135d,00135e,,5,b135,【防撞不怕摔】聯名丹麥品牌 | 雙層防撞隨行瓶 360ml,小草 作 Grassphere,768,768,984,539,免運,,78,78,,小草作我們和丹麥居家設計品牌PO:Selected聯名推出「雙層防撞隨行瓶」。瓶身雙層設計，防撞不怕摔。彈跳式杯蓋可以單手直接打開，開車也能輕鬆喝。360ml容量剛剛好裝得下超商中杯飲料！,玻璃,機器製造 ,中國大陸 ,,,,,
00136,00136a,00136b,00136c,00136d,00136e,,5,b136,【宅配免運.讓人想咬一口生日禮物】肉肉蛋糕盆 送小動物,JU多肉 人生如同一盆植栽,399,399,420,540,免運,,95,95,,設計師運用灰&白水泥的渲染手法塑造成療癒的水泥盆器，搭配讓人忍不住咬一口的蛋糕造型，適合送給即將生日的好朋友！生日不要吃蛋糕了會胖的阿！今年來吃肉肉吧 (●’ω`●）誤,水泥,手工製造,台灣 ,,,,,
00137,00137a,00137b,00137c,00137d,,,4,b137,【24H出貨.宅配免運.最夯的創意禮物首選】摩艾鑽石水泥盆 送草帽,JU多肉 人生如同一盆植栽,399,399,420,541,,,95,95,,優雅有氣質的鑽石盆是我們市集經驗以來，容易搭配各種植物，不論多肉仙人掌或一般植物都非常耐看，療癒可愛。,水泥,手工製造,台灣 ,,,,,
00138,00138a,00138b,00138c,00138d,00138e,,5,b138,巧收。劃一。井然 收納大全配 - 桌面收納架,ZENLET,423,423,4700,542,,,9,9,,一款輕鬆安裝、直覺使用、隨心擴充的多功能收納整合方案。 外型簡約卻功能強大，輕鬆展現你的獨特收納風範。 模組配件，自由定義符合你需求的配置，充份提升工作效率。 簡約設計，任你百搭各種空間風格。,其他金屬,機器製造 ,台灣 ,,,,,
00139,00139a,00139b,00139c,00139d,00139e,,5,b139,山丘 _ 檜木擴香石,neenue,0,,1580,543,,,,,,是擴香石，也是花器，更是承載情緒的載體。 隨著心境的變化，換上不同的花材， 滴上不同的精油；讓療癒蔓延吧。,水泥,手工製造,台灣 ,,,,,
00140,00140a,00140b,00140c,00140d,,,4,b140,楊枝蔓柳 薄床包兩用被組(60支)專櫃級 100%天絲【超取限一組】,,138,138,1530,544,免運,,9,9,,100%萊賽爾纖維 超強吸濕性透氣涼爽 防靜電高品質睡眠保證 極親膚舒適 柔軟如絲綢般的觸感,其他材質,機器製造 ,台灣 ,,,,,
00141,00141a,00141b,,,,,2,b141,三角抬腿枕 人體工學設計 聚酯纖維棉 台灣製,annahome棉床本舖,36,36,399,545,免運,,9,9,,限量布製成之抱枕 觸感特殊/花樣特殊 布套可取下方便清洗 限量發售,聚酯纖維,機器製造 ,台灣 ,,,,,
00142,00142a,,,,,,1,b142,畫布上的花圈|乾燥花|不凋花|婚禮配件|送禮|畫框|客製化,四季花緒,0,,1200,546,,,,,,這是一個在畫布上設計的花圈，用不同方式呈現畫布上的立體感， 可搭配手繪文字，讓你對他、她、everyone、anyone ....或自己，寫下你想說的話， 讓花與文字融為一體，成為你獨一無二的專屬禮!,植物．花,手工製造,台灣 ,,,,,
00143,00143a,00143b,00143c,00143d,00143e,,5,b143,【快速出貨】居家防疫 除舊佈新 空氣淨化器 奈米光觸媒,ROOMMI,4490,4490,5282,547,免運,,85,85,,嘖嘖募資突破兩千萬，清淨機嘖嘖史上最高 光分解倍增引擎，可淨化高達 10 坪空間 終生 0 耗材費，真正高 CP 細菌病毒淨化率、PM 2.5 去除率99.9% 甲醛、異味快速淨化 節能省電一天不到 1 塊錢 100% 台灣製造,其他金屬,機器製造 ,台灣 ,,,,,
00144,00144a,00144b,00144c,00144d,00144e,,5,b144,旗艦品牌免運 |正負零 XQH-X020 空氣清淨機-白色,±0 正負零,0,,3990,548,,,,,,｜2006年度優良設計獎 ｜日本極致簡約風 ｜5-7坪左右空間適用 ｜HEPA 4層濾網結構 ｜5種運轉模式切換 ｜低噪音,樹脂,機器製造 ,中國大陸 ,,,,,
00145,00145a,00145b,,,,,2,b145,諾亞方舟的小犀牛,Maileg,0,,600,549,,,,,,珍貴稀有的小犀牛是諾亞的好朋友，可不能讓他們絕跡了！快來收集諾亞的動物好朋友們～,棉．麻,手工製造,中國大陸 ,,,,,
00146,00146a,00146b,00146c,,,,3,b146,隨意丟零錢盒 零錢收納盒 存錢筒 居家小物 新居 撲滿 畢業,simplewood,0,,880,550,免運,"客製服務, 獨家販售 ",,,,隨手丟輕鬆拿 山毛櫸木零錢盒 零錢 收納盒 斜面滑槽大開孔設計. 零錢隨手丟即可輕易滑入 可收納420個10圓硬幣左右 適合放家中任何一個地方 默默替自己存上一桶金唷 新居落成小禮物,木頭,手工製造,台灣 ,"客製服務, 獨家販售 ",,,,
00147,00147a,00147b,00147c,00147d,,,4,b147,Via K Studio 鬱金香小盆栽 LED仿真花夜燈 情人節禮物 結婚禮物,K Style ( Via K ),0,,899,462,免運,,,,,鬱金香花語-永恆的祝福 純白鬱金香-純潔的愛 粉嫩鬱金香-熱愛幸福 蜜桃鬱金香-高貴珍重 ,其他材質,手工製造,中國大陸 ,,,,,
00148,00148a,00148b,00148c,00148d,00148e,,5,b148,輕工業風 曲木鐵腳工作桌 / 迪克書桌,惠風堂時尚家居 HFT FURNITURE STORE,0,,3380,463,,,,,,○尺寸 : W90 x D45 x H75 CM ○情境圖片僅供參考，本商品內容不含其他展示品,木頭,機器製造 ,越南,,,,,
00149,00149a,00149b,00149c,00149d,00149e,00149f,6,b149,【原生態NatureWorld】分子震盪精油擴香儀/首賣/送精油10ml,原生態 NatureWorld,1485,1485,1980,464,,,75,75,,"精美原木造型的分子震盪精油擴香儀，結合原生態調製的香氛精油，讓精油的療癒力，隨手即可綻放。無須加水即可使用,效果可達8~15坪。",木頭,手工製造,台灣 ,,,,,
00150,00150a,00150b,00150c,00150d,00150e,,5,b150,栓木 || 書桌 餐桌 工作桌,木島 BOKTO,442,442,4910,465,免運,,9,9,,這樣輕量的桌子可以輕鬆移動， 客人來的時候可以將兩張拼在一起，成為一個適合宴客的大桌面。,木頭,手工製造,台灣 ,,,,,
00151,00151a,00151b,00151c,,,,3,b151,淑女寫字桌/化妝桌 + 立體剪裁造型鏡 (可單買 / 組合價有優惠),Handi Racoco 家具,0,,5800,466,免運,,,,,氣質優雅的化妝桌，可搭配化妝鏡,木頭,手工製造,台灣 ,,,,,
00152,00152a,00152b,00152c,00152d,00152e,,5,b152,原木雙層架 收納好幫手 辦公室、廚房都適用,原木哲學 feelosophy,0,,1280,97,免運,,,,,雙層收納架 雙倍你的生活空間 北歐風格生活居家品，設計感無所不在 嚴選北美鐵杉製作，比市面上廉價木、貼皮木，更堅固耐用 以鐵杉的優雅木紋，打造居家風格經典單品,木頭,手工製造,台灣 ,,,,,
00153,00153a,00153b,00153c,,,,3,b153,和織系列－市松葉綠 兩片組,MIGUSA美草榻榻米,0,,5960,98,免運,得獎設計,,,,MIGUSA美草榻榻米．日式地墊 防水、防蟎、好清潔,塑膠,機器製造 ,日本,得獎設計,,,,
00154,00154a,00154b,00154c,00154d,,,4,b154,現貨 S05 玻璃罩盅LED 畢業禮物 畢業季 交換禮 造型公仔 情人節,KEYURA GARDEN瓔珞莊園,0,,680,99,,,,,,'此款含LED燈(可更換電池)及禮盒包裝' 公仔不挑選 由乾燥索拉玫瑰.永生花玫瑰.繡球搭配乾燥花材製作而成 花面約7cm 花禮總高約10cm 禮盒尺寸10*10*10cm,植物．花,手工製造,台灣 ,,,,,
00155,00155a,00155b,00155c,00155d,00155e,,5,b155,#熱銷補貨到 韓國nineware 簡約碗盤木角瀝水籃11L / 共3色,Nineware 韓國創意餐廚,1598,1598,1880,100,,,85,85,,優雅流線輪廓設計，360°可旋轉排水設計，穩固橡膠防滑底坐,塑膠,機器製造 ,南韓,,,,,
00156,00156a,00156b,,,,,2,b156,【MELT】Grandma's Kitchen味100%大豆蠟燭,The Candle Company,499,499,525,101,免運,,95,95,,"MELT大豆蠟燭系列具有獨特香氣和充滿玩味的名字，旨在讓您會心微笑=) Grandma's Kitchen 由美味的蘋果、蜂蜜和肉桂香氣糅合而成, 讓您在記憶之路上進行令人心動的旅行。",蠟,手工製造,香港,,,,,
00157,00157a,00157b,00157c,00157d,00157e,,5,b157,情人節禮物首選 旋轉燭台 獨角獸 金粉雪花杯 85g 大豆蠟香氛蠟燭,Natural Candle Airl,0,,609,102,免運,,,,,Candle Airl 使用100%純正大豆蠟，無黑煙，無殘留物。,蠟,手工製造,香港,,,,,
00158,00158a,00158b,00158c,,,,3,b158,北歐實木鞋櫃鞋架帶掛衣架一體家用客廳門口落地衣帽架換鞋凳組合,無意家居,0,,2139,103,,,,,,6個樹芽，多角度，多層次分佈 集衣帽架、換鞋凳、鞋架於一體 優質產地加持，色澤天然，看得見的清新自然 樹芽360°全形度覆蓋 平衡壓力，滿足一家人掛物的需求超強承重 精選優質原木，穩固耐用，換鞋時安全放心 雙層鞋架 滿足三口之家日常需求,木頭,手工製造,中國大陸 ,,,,,
00159,00159a,00159b,00159c,00159d,00159e,,5,b159,【西班牙製 】Mamut Big Design 瑪牧良作 - 最好墊墊 60X140,Mamut Big Design,0,,2890,474,,,,,,★ 西班牙設計製作 ★ 輕薄 (1.88mm) ★ 不需安裝、不需貼膠 ★ 雙面止滑 ★ 防水、易清潔 ★ 可用清潔劑清洗 ★ 表面使用環保製程，不產生臭氧 ★ UVI印刷，抗日照 ★ 隔熱,塑膠,機器製造 ,西班牙,,,,,
00160,00160a,00160b,,,,,2,b160,健康拉筋箱 - 遠紅外線10段式,森學苑 Forest School,0,,2180,475,,,,,,健康是最珍貴的禮物 耕木工場的健康拉筋箱，適合廣大年齡群 除了有多達10段變化，產品本身有遠紅外線保護漆 健身拉筋之餘還可促進血液循環,木頭,機器製造 ,台灣 ,,,,,
00161,00161a,00161b,,,,,2,b161,雨中的沙漠玫瑰/無框複製畫/實木背框/阿飛攝影A0007,阿飛,0,,1280,476,免運,客製服務 ,,,,採用頂級微噴技術，高解析度及高保存性 讓空間瞬間質感升等 送給朋友的好禮物,其他材質,機器製造 ,台灣 ,客製服務 ,,,,
00162,00162a,00162b,00162c,00162d,,,4,b162,永生花照片寶物盒 相框 生日禮物 照片客製 聖誕節禮物 交換禮物,蒔嚐花藝 shibashibaflorist,0,,990,321,免運,,,,,**商品皆可客製化想說的話在裡面唷** **中文字數10個字以內，英文15個字母以內** 永生花，就像我對你的思念一樣永不止息 謝謝你的一切，我將最美好的時光 永久封存♡,植物．花,手工製造,台灣 ,,,,,
00163,00163a,00163b,00163c,,,,3,b163,Mesa - 粉紅色線條掛鐘 桌鐘 靜音,Desrochers x 曜生活,70,70,880,322,免運,獨家販售 ,8,8,,"另提供腳座,可放置桌上,相當方便 ",其他金屬,手工製造,台灣 ,獨家販售 ,,,,
00164,00164a,00164b,00164c,,,,3,b164,居家好物 | Eufy T2520 無線手持臭氧吸塵器-藍色,ANKER,0,,1680,323,免運,,,,,●無線設計 ，走到哪 吸到哪 ●小巧身形、強悍清潔力 ●臭氧淨化，滅菌除味 ●淨化99.97%以上細菌、病毒與微生物 ●5500Pa勁量大吸力 ●薄型刷頭設計，可輕易深入縫隙,其他材質,機器製造 ,中國大陸 ,,,,,
00165,00165a,00165b,,,,,2,b165,永生美利亞拼貼玫瑰捧花,Teresa’s Floral Design,0,,6500,324,,,,,,"手作的溫度最貼近人心,所有商品皆由設計師手工製作,並提供客製化設計服務,設計出只專屬於您的客製花禮,生活要有的儀式感,儘管時間不停歇,再忙碌,也要停下腳步,優雅渡過每一天。",植物．花,手工製造,台灣 ,,,,,
00166,00166a,00166b,,,,,2,b166,海洋之流,浮流藝術,0,,4590,325,免運,獨家販售 ,,,,畫作尺寸：直徑50公分 媒材成分：壓克力顏料 創作日期：2020年,顏料,手工製造,台灣 ,獨家販售 ,,,,
00167,00167a,00167b,00167c,00167d,00167e,,5,b167,獨家 -【超值雙瓶】KINTO 提式輕巧保溫瓶 大+小2入組,KINTO Taiwan (授權總代理),2173,2173,2650,326,,,82,82,,圓潤好握取的把手，配上啞光色的外型，讓您的OFF TIME格外輕鬆自在！針對活力旺盛的孩子所設計的吸管式保溫瓶，繽紛的色彩帶來了生命力！,不鏽鋼,機器製造 ,中國大陸 ,,,,,
00168,00168a,00168b,00168c,,,,3,b168,純白蒲公英魔法球 乾燥花 永生花 婚禮 畢業禮物 玻璃罩 情人節,WANYI 玩藝花坊,0,,1300,327,,,,,,在蒲公英的單純、善良、純淨世界裡 加上各種美好元素 通通放入魔法玻璃罩中 呈現滿滿的心意出來🥰🥰,植物．花,手工製造,台灣 ,,,,,
00169,00169a,00169b,00169c,00169d,,,4,b169,【畢業禮物推薦】轉轉零錢盒二代 / 禮物版,mordeco,0,,1580,328,免運,得獎設計,,,,● 好開，專利磁力旋轉機構， 滑開取物一氣呵成 ● 好放，漏斗形結構，零錢輕鬆滑落 ● 適用全世界通用硬幣大小 ● 山毛櫸實木與鋁合金上蓋，天然細膩，觸感溫潤 ● 禮物版方便送禮。（附硬紙袋＋酒紅棉紙）,木頭,手工製造,台灣 ,得獎設計,,,,
00170,00170a,00170b,00170c,,,,3,b170,星夜蠟燭 - 蘭花 250g,The Candleholic,0,,915,329,免運,,,,,香薰：蘭花 描述：由桃、蘭花、連花等成份調配，星夜蠟燭將充滿星星的夜空淡雅味道透過嗅覺重現你的眼前。 容量：250克 燃燒時間：33-36小時 The Candleholic 。堅守以天然材料造成蠟燭的原則，採用從美國入口的純淨精,玻璃,手工製造,越南,,,,,
00171,00171a,00171b,00171c,00171d,00171e,,5,b171,SimpliCute | Oliver the Sloth 樹懶,SimpliCute,0,,480,330,,,,,,SimpliCute | Oliver the Sloth 樹懶 懶洋洋又可愛的樹懶,其他人造纖維,手工製造,中國大陸 ,,,,,
00172,00172a,00172b,00172c,00172d,,,4,b172,防塵扭蛋公仔收納櫃 迷霧拉門 模型展示收納盒,,0,,1580,331,,,,,,Moosy Life 目喜生活,壓克力,手工製造,台灣 ,,,,,
00173,00173a,00173b,00173c,00173d,,,4,b173,HOLA 迪士尼系列雲朵絨懶骨頭-小豬,HOLA特力和樂,2500,2500,3290,332,,,76,76,,HOLA 迪士尼系列雲朵絨懶骨頭-小豬,聚酯纖維,機器製造 ,中國大陸 ,,,,,
00174,00174a,00174b,00174c,00174d,,,4,b174,【母親節推薦】18星芒/ 玻璃花器13,HANSCHIU 瀚思,0,,680,489,,,,,,直徑 8cm x 高13cm，瓶口直徑4公分，容量：500ml，手工硼玻璃，每組1入，一般紙盒包裝。,玻璃,手工製造,台灣 ,,,,,
00175,00175a,,,,,,1,b175,【日本和樂の音色】吐司造型沙發椅A399.A442,FULUX 弗洛克,0,,4680,490,免運,,,,,．2020年日本連線新款 ．吐司荷包蛋系列 ．大沙發可攤開變身單人床墊,其他材質,機器製造 ,日本,,,,,
00176,00176a,00176b,00176c,00176d,,,4,b176,Miffy First Light 小夜燈,hellolittleshop,0,,3529,491,免運,得獎設計,,,,一個能帶來小奇蹟的小伙伴～ Miffy first light 無論在何時何地都能帶來寧靜和柔和的光線,矽膠,機器製造 ,中國大陸 ,得獎設計,,,,
00177,00177a,00177b,00177c,00177d,00177e,00177f,6,b177,維斯格林 北歐 現代 日式 實木 餐椅 希望椅 Y椅 Wishbone Chair,WealthyGreen 全實木家具廠,0,,3200,492,免運,,,,,材質說明: 嚴選北美梣木+環保木噴漆+進口牛皮紙繩，賣場內商品顏色為原木色，可另外客定顏色，實際現貨以客服告知為主,木頭,手工製造,台灣 ,,,,,
00178,00178a,00178b,00178c,00178d,,,4,b178,面紙套 樁花,Fcns販賣機,361,361,380,493,免運,客製服務 ,95,95,,面紙套，讓居家環境變美麗 兩用，打開也可以當餐墊使用歐 ,棉．麻,手工製造,台灣 ,客製服務 ,,,,
00179,00179a,00179b,00179c,00179d,00179e,,5,b179,起司 擴香石 香磚 薰香石 送禮 畢業禮物 交換禮物 生日 實用,Denny Chang,0,,280,494,免運,獨家販售 ,,,,獨家起司造型擴香石不管送禮自用都賞心悅目，造型很可口但請勿食用唷！,其他材質,手工製造,台灣 ,獨家販售 ,,,,
00180,00180a,00180b,00180c,00180d,00180e,,5,b180,可愛小鹿夜燈 | 附精緻禮物包裝,ideamonster,500,500,588,495,,,85,85,,◆圓滾滾的療癒造型，柔軟舒服的觸感，給您隨時所需的溫暖夜光 ! ◆提供溫暖黃光與溫暖白光兩種色溫的LED燈與三段亮度可調整 ! ◆燈罩為安全無毒的柔軟矽膠材質 ! ◆雙層濾光設計，燈光更柔和不刺眼 ! ◆內建充電鋰電池，不需插電不受環境限制,矽膠,機器製造 ,中國大陸 ,,,,,
00181,00181a,00181b,00181c,,,,3,b181,手工五關節迷你狗狗抱偶玩偶 藝術家泰迪熊,MadebyHinme,0,,2369,496,,,,,,玩偶只有一隻，下單前請來信確認庫存，謝謝~,其他材質,手工製造,香港,,,,,
00182,00182a,00182b,00182c,00182d,00182e,,5,b182,北歐木作兩抽牆邊桌,笨木頭 Bamtor,0,,3980,497,免運,,,,,「北歐木質兩抽牆邊桌」　 是一款具穿透感的設計，底部鏤空的部分不僅是為了收納做使用，更是希望在這樣的視覺表現上牆邊桌不會顯得厚重，反而更能與牆面做一個搭配，而頂部的雙拉抽屜，則是設計為可以擺放些體積較小的物件。,木頭,手工製造,中國大陸 ,,,,,
00183,00183a,00183b,00183c,,,,3,b183,【送布袋 】全蠟燭配件組合 - 燭芯剪 滅燭罩 蠟燭鉤,Nook.mylife(小角落),0,,530,498,,,,,,🕯從細節開始🕯 愛點蠟燭大家相信對滅燭工具有一定的認識! 🕯🕯蠟燭工具組 有賣啦🕯🕯 1️⃣滅燭罩 2️⃣燭芯剪 3️⃣燭芯勾 (三件送布袋❤️） 💛買本店任何蠟燭可＋＄150 HKD 換購,其他金屬,機器製造 ,香港,,,,,
00184,00184a,00184b,00184c,00184d,00184e,00184f,6,b184,拾植 l 互動式燈飾 木質夜燈,MoziDozen,0,,4400,499,免運,,,,,撿拾大自然所給予我們的溫暖擁抱，將它植入、常伴我們的生活。 推薦給喜歡品味生活、想增添溫潤且沉靜的你/妳,木頭,手工製造,台灣 ,,,,,
00185,00185a,00185b,00185c,00185d,,,4,b185,工業風藤椅,ComfyCozy 原居,439,439,4875,500,免運,,9,9,,崇尚簡單生活，喜愛分享大自然之美及手作工藝。,植物．花,手工製造,印尼,,,,,
00186,00186a,00186b,00186c,00186d,00186e,,5,b186,維斯塔收納櫃,MH家居,0,,1777,501,免運,,,,,➤ 韓劇「最強送貨員」同款櫃 ➤ 堅固鐵架 北歐百搭質感 ➤ 陶瓷手把 布面收納盒,其他金屬,機器製造 ,中國大陸 ,,,,,
00187,00187a,00187b,00187c,00187d,00187e,00187f,6,b187,梅爾森收納掛衣架(二層),MH家居,0,,1240,502,,,,,,➤ 韓國設計 獨家進口款 ➤ 簡約時尚北歐風掛衣架 ➤ 實用雙層 衣物收納更方便 ➤ 適用家庭/民宿/飯店等空間 ➤ 預購款預計8/5依排序出貨,其他金屬,機器製造 ,中國大陸 ,,,,,
00188,00188a,00188b,00188c,,,,3,b188,質感木製三層推車-白/家居收納,立格扉 Ligfe,0,,1530,503,免運,,,,,忙碌生活中的時尚收納推車 客廳午後的下午茶、床邊擺放的雜誌 日常小物一一收納，質感居家生活現正展開,木頭,機器製造 ,中國大陸 ,,,,,
00189,00189a,,,,,,1,b189,【新產品】官方授權3D Pac-Man經典角色小夜燈,Paladone UK,0,,1219,504,,,,,,官方授權3D Pac-Man經典角色小夜燈 ，立體設計，把復古經典食鬼主角和三色鬼遊戲角色帶到您的房間， Pac-Man Light非常適合在臥室、遊戲室或書房內使用，非常適合經典街機食鬼系列的愛好者，可用作為生日禮物、辦公室小擺設 。,塑膠,機器製造 ,中國大陸 ,,,,,
00190,00190a,00190b,00190c,00190d,,,4,b190,大理石紋水泥盆栽 • 可客製名字 一定要買的生日禮物 婚禮小物,littlewalk小肉園步道•水泥飾物,0,,350,505,免運,,,,,1.大理石紋水泥盆栽（ 很有質感 ） 2.可客製製英文字母 （ 專屬泥的 ） 3.可客製數字(專屬泥的紀念日),水泥,手工製造,台灣 ,,,,,
00191,00191a,00191b,00191c,00191d,00191e,,5,b191,"小白鷺 成人/兒童 衣架 , 隨手掛取常用衣物",9house Design / 九窩設計,0,,2950,506,免運,,,,,日常生活中隨手使用的衣架，經由全新的極簡設計搭配巧思結構，變的更加美麗及耐用。,木頭,手工製造,台灣 ,,,,,
00192,00192a,00192b,00192c,00192d,,,4,b192,HOLA 迪士尼系列公主造型抱枕-小美人魚,HOLA特力和樂,701,701,899,507,,,78,78,,HOLA 迪士尼系列公主造型抱枕-小美人魚,其他材質,機器製造 ,中國大陸 ,,,,,
